Top 10 Issued Books
BookID,Title,IssueCount
7,Data Science from Scratch,2
6,Artificial Intelligence: A Modern Approach,2
5,Operating System Concepts,2
8,Python Crash Course,1
4,Introduction to Algorithms,1
3,Clean Code,1
2,Database System Concepts,1
1,The C++ Programming Language,1

Most Active Members
MemberID,Name,TransactionCount
1,Alice Johnson,3
2,Bob Smith,2
8,Hannah Baker,1
7,George Wilson,1
6,Fiona Gallagher,1
5,Ethan Hunt,1
4,Diana Prince,1
3,Charlie Brown,1

Fine Collection Summary
TotalFineAmount
60
